date,channel_id,video_id,live_or_on_demand,subscribed_status,country_code,views,comments,likes,dislikes,shares,watch_time_minutes,average_view_duration_seconds,average_view_duration_percentage,annotation_impressions,annotation_clickable_impressions,annotation_clicks,annotation_click_through_rate,annotation_closable_impressions,annotation_closes,annotation_close_rate,card_teaser_impressions,card_teaser_clicks,card_teaser_click_rate,card_impressions,card_clicks,card_click_rate,subscribers_gained,subscribers_lost,videos_added_to_playlists,videos_removed_from_playlists,red_views,red_watch_time_minutes,channel_title,status,video_duration,video_title,video_duration_sec
20180106,UCFAOhU0g6xF7BkLsU6q8jfA,5Ou7Hi_e7KA,on_demand,not_subscribed,US,1,0,0,0,0,0.003333333333,0.2,0.14814814810000002,0,0,0,0,0,0,0,0,0,0,0,0,0,0,0,0,0,0,0,Alton Alexander's Daily Vlog from SLC,available,PT2M15S,OUR FUTURE OFFICE AMBITIONS | ALTON ALEXANDER 003,135
20180106,UCFAOhU0g6xF7BkLsU6q8jfA,gg6mQupbVPc,on_demand,not_subscribed,US,10,0,0,0,0,11.30036667,67.8022,44.0274026,0,0,0,0,0,0,0,0,0,0,0,0,0,0,0,0,0,0,0,Alton Alexander's Daily Vlog from SLC,available,PT2M34S,DROPPING IN ON THE CLIENT | ALTON ALEXANDER 006,154
20180106,UCFAOhU0g6xF7BkLsU6q8jfA,GMuiqgibsTM,on_demand,not_subscribed,US,4,0,0,0,0,3.2776,49.163999999999994,55.24044944,0,0,0,0,0,0,0,0,0,0,0,0,0,0,0,0,0,0,0,Alton Alexander's Daily Vlog from SLC,available,PT1M29S,"GOOD WEATHER, GOOD DAY, & PRIORITIES | ALTON ALEXANDER 007",89
20180106,UCFAOhU0g6xF7BkLsU6q8jfA,kQ-sNXT7Jx8,on_demand,not_subscribed,US,1,0,0,0,0,1.4219166669999999,85.315,107.9936709,0,0,0,0,0,0,0,0,0,0,0,0,0,0,0,0,0,0,0,Alton Alexander's Daily Vlog from SLC,available,PT1M19S,First Episode | VLOG 001,79
20180106,UCFAOhU0g6xF7BkLsU6q8jfA,7XLP2Hy3IXQ,on_demand,not_subscribed,US,1,0,0,0,0,4.086833333,245.21,199.3577236,0,0,0,0,0,0,0,0,0,0,0,0,0,0,0,0,0,0,0,Alton Alexander's Daily Vlog from SLC,available,PT2M3S,CEO Lunch at The Grand American | ALTON ALEXANDER 004,123
20180106,UCFAOhU0g6xF7BkLsU6q8jfA,G0h2VC4hhZY,on_demand,not_subscribed,US,1,0,0,0,0,0.0076666666669999994,0.46,0.2110091743,0,0,0,0,0,0,0,0,0,0,0,0,0,0,0,0,0,0,0,Alton Alexander's Daily Vlog from SLC,available,PT3M38S,AN UBER EXPERIENCE | ALTON ALEXANDER 005,218
20180106,UCFAOhU0g6xF7BkLsU6q8jfA,G0h2VC4hhZY,on_demand,subscribed,US,1,0,0,0,0,2.6215,157.29,72.15137615,0,0,0,0,0,0,0,0,0,0,0,0,0,0,0,0,0,0,0,Alton Alexander's Daily Vlog from SLC,available,PT3M38S,AN UBER EXPERIENCE | ALTON ALEXANDER 005,218
20180106,UCFAOhU0g6xF7BkLsU6q8jfA,G0h2VC4hhZY,on_demand,subscribed,ZZ,0,0,1,0,0,0.0,0.0,0.0,0,0,0,0,0,0,0,0,0,0,0,0,0,0,0,0,0,0,0,Alton Alexander's Daily Vlog from SLC,available,PT3M38S,AN UBER EXPERIENCE | ALTON ALEXANDER 005,218
20180107,UCFAOhU0g6xF7BkLsU6q8jfA,5Ou7Hi_e7KA,on_demand,not_subscribed,DE,1,0,0,0,0,0.3372166667,20.233,14.98740741,0,0,0,0,0,0,0,0,0,0,0,0,0,0,0,0,0,0,0,Alton Alexander's Daily Vlog from SLC,available,PT2M15S,OUR FUTURE OFFICE AMBITIONS | ALTON ALEXANDER 003,135
20180107,UCFAOhU0g6xF7BkLsU6q8jfA,gg6mQupbVPc,on_demand,not_subscribed,US,3,0,0,0,0,1.0893,21.785999999999998,14.14675325,0,0,0,0,0,0,0,0,0,0,0,0,0,0,0,0,0,0,0,Alton Alexander's Daily Vlog from SLC,available,PT2M34S,DROPPING IN ON THE CLIENT | ALTON ALEXANDER 006,154
20180108,UCFAOhU0g6xF7BkLsU6q8jfA,gg6mQupbVPc,on_demand,not_subscribed,US,4,0,0,0,0,5.9677,89.5155,58.12694805,0,0,0,0,0,0,0,0,0,0,0,0,0,0,0,0,0,0,0,Alton Alexander's Daily Vlog from SLC,available,PT2M34S,DROPPING IN ON THE CLIENT | ALTON ALEXANDER 006,154
20180108,UCFAOhU0g6xF7BkLsU6q8jfA,GMuiqgibsTM,on_demand,subscribed,US,1,0,0,0,0,1.466666667,88.0,98.87640449,0,0,0,0,0,0,0,0,0,0,0,0,0,0,0,0,0,0,0,Alton Alexander's Daily Vlog from SLC,available,PT1M29S,"GOOD WEATHER, GOOD DAY, & PRIORITIES | ALTON ALEXANDER 007",89
20180108,UCFAOhU0g6xF7BkLsU6q8jfA,kQ-sNXT7Jx8,on_demand,not_subscribed,US,1,0,0,0,0,0.23888333329999997,14.333,18.14303797,0,0,0,0,0,0,0,0,0,0,0,0,0,0,0,0,0,0,0,Alton Alexander's Daily Vlog from SLC,available,PT1M19S,First Episode | VLOG 001,79
20180108,UCFAOhU0g6xF7BkLsU6q8jfA,KXUOt9uV3J8,on_demand,not_subscribed,US,7,0,0,0,0,4.6548166669999995,39.89842857,68.79039409,0,0,0,0,0,0,0,0,0,0,0,0,0,0,0,0,0,0,0,Alton Alexander's Daily Vlog from SLC,available,PT58S,SALES STRATEGY MEETINGS | ALTON ALEXANDER 008,58
20180108,UCFAOhU0g6xF7BkLsU6q8jfA,KXUOt9uV3J8,on_demand,subscribed,US,1,0,0,0,0,0.8935,53.61,92.43103448,0,0,0,0,0,0,0,0,0,0,0,0,0,0,0,0,0,0,0,Alton Alexander's Daily Vlog from SLC,available,PT58S,SALES STRATEGY MEETINGS | ALTON ALEXANDER 008,58
20180118,UCFAOhU0g6xF7BkLsU6q8jfA,_iGm2nI2lqo,on_demand,not_subscribed,US,4,0,0,0,0,3.8641333330000003,57.961999999999996,61.01263158,0,0,0,0,0,0,0,0,0,0,0,0,0,0,0,0,0,0,0,Alton Alexander's Daily Vlog from SLC,available,PT1M35S,ON MY WAY HOME | ALTON ALEXANDER 018,95
20180118,UCFAOhU0g6xF7BkLsU6q8jfA,_iGm2nI2lqo,on_demand,subscribed,US,1,0,0,0,0,1.736833333,104.21,109.6947368,0,0,0,0,0,0,0,0,0,0,0,0,0,0,0,0,0,0,0,Alton Alexander's Daily Vlog from SLC,available,PT1M35S,ON MY WAY HOME | ALTON ALEXANDER 018,95
20180118,UCFAOhU0g6xF7BkLsU6q8jfA,_iGm2nI2lqo,on_demand,subscribed,ZZ,0,0,1,0,0,0.0,0.0,0.0,0,0,0,0,0,0,0,0,0,0,0,0,0,0,0,0,0,0,0,Alton Alexander's Daily Vlog from SLC,available,PT1M35S,ON MY WAY HOME | ALTON ALEXANDER 018,95
20180118,UCFAOhU0g6xF7BkLsU6q8jfA,iVTpYy0RjBM,on_demand,not_subscribed,US,1,0,0,0,0,0.20391666670000003,12.235,16.53378378,0,0,0,0,0,0,0,0,0,0,0,0,0,0,0,0,0,0,0,Alton Alexander's Daily Vlog from SLC,available,PT1M14S,DO I HAVE YOUR ATTENTION YET? | ALTON ALEXANDER 016,74
20180118,UCFAOhU0g6xF7BkLsU6q8jfA,iVTpYy0RjBM,on_demand,subscribed,US,3,0,0,0,0,2.32645,46.528999999999996,62.87702703,0,0,0,0,0,0,0,0,0,0,0,0,0,0,0,0,0,0,0,Alton Alexander's Daily Vlog from SLC,available,PT1M14S,DO I HAVE YOUR ATTENTION YET? | ALTON ALEXANDER 016,74
20180118,UCFAOhU0g6xF7BkLsU6q8jfA,7UfYA_QiyVc,on_demand,not_subscribed,US,3,0,0,0,0,4.41765,88.353,45.30923077,0,0,0,0,0,0,0,0,0,0,0,0,0,0,0,0,0,0,0,Alton Alexander's Daily Vlog from SLC,available,PT3M15S,UNDERSTANDING YOUR PLACE | ALTON ALEXANDER 017,195
20180118,UCFAOhU0g6xF7BkLsU6q8jfA,7UfYA_QiyVc,on_demand,subscribed,US,1,0,0,0,0,3.233333333,194.0,99.48717949,0,0,0,0,0,0,0,0,0,0,0,0,0,0,0,0,0,0,0,Alton Alexander's Daily Vlog from SLC,available,PT3M15S,UNDERSTANDING YOUR PLACE | ALTON ALEXANDER 017,195
20180120,UCFAOhU0g6xF7BkLsU6q8jfA,KXUOt9uV3J8,on_demand,not_subscribed,US,1,0,0,0,0,0.17843333329999997,10.706,18.45862069,0,0,0,0,0,0,0,0,0,0,0,0,0,0,0,0,0,0,0,Alton Alexander's Daily Vlog from SLC,available,PT58S,SALES STRATEGY MEETINGS | ALTON ALEXANDER 008,58
20180120,UCFAOhU0g6xF7BkLsU6q8jfA,_iGm2nI2lqo,on_demand,not_subscribed,US,1,0,0,0,0,1.5805,94.83,99.82105263,0,0,0,0,0,0,0,0,0,0,0,0,0,0,0,0,0,0,0,Alton Alexander's Daily Vlog from SLC,available,PT1M35S,ON MY WAY HOME | ALTON ALEXANDER 018,95
20180120,UCFAOhU0g6xF7BkLsU6q8jfA,_iGm2nI2lqo,on_demand,subscribed,US,1,0,0,0,0,1.58,94.8,99.78947368,0,0,0,0,0,0,0,0,0,0,0,0,0,0,0,0,0,0,0,Alton Alexander's Daily Vlog from SLC,available,PT1M35S,ON MY WAY HOME | ALTON ALEXANDER 018,95
20180120,UCFAOhU0g6xF7BkLsU6q8jfA,7UfYA_QiyVc,on_demand,not_subscribed,US,1,0,0,0,0,3.15,189.0,96.92307692,0,0,0,0,0,0,0,0,0,0,0,0,0,0,0,0,0,0,0,Alton Alexander's Daily Vlog from SLC,available,PT3M15S,UNDERSTANDING YOUR PLACE | ALTON ALEXANDER 017,195
20180120,UCFAOhU0g6xF7BkLsU6q8jfA,nKkLlJ75gEM,on_demand,not_subscribed,US,9,0,0,0,1,11.22648333,74.84322222,46.48647343,0,0,0,0,0,0,0,0,0,0,0,0,0,0,0,0,0,0,0,Alton Alexander's Daily Vlog from SLC,available,PT2M41S,SIDEWALK TALK | ALTON ALEXANDER 019,161
20180120,UCFAOhU0g6xF7BkLsU6q8jfA,bUa_UOQJBa4,on_demand,not_subscribed,US,8,0,0,0,0,8.301,62.2575,76.86111111,0,0,0,0,0,0,0,0,0,0,0,0,0,0,0,0,0,0,0,Alton Alexander's Daily Vlog from SLC,available,PT1M21S,The Silicon Slopes Tech Summit is the place to be | BUSINESS VLOG 020,81
20180120,UCFAOhU0g6xF7BkLsU6q8jfA,bUa_UOQJBa4,on_demand,subscribed,US,2,0,0,0,0,1.4883333330000001,44.65,55.12345679,0,0,0,0,0,0,0,0,0,0,0,0,0,0,0,0,0,0,0,Alton Alexander's Daily Vlog from SLC,available,PT1M21S,The Silicon Slopes Tech Summit is the place to be | BUSINESS VLOG 020,81
20180120,UCFAOhU0g6xF7BkLsU6q8jfA,bUa_UOQJBa4,on_demand,subscribed,ZZ,0,0,1,0,0,0.0,0.0,0.0,0,0,0,0,0,0,0,0,0,0,0,0,0,0,0,0,0,0,0,Alton Alexander's Daily Vlog from SLC,available,PT1M21S,The Silicon Slopes Tech Summit is the place to be | BUSINESS VLOG 020,81
20180120,UCFAOhU0g6xF7BkLsU6q8jfA,v2IdKFFk4YQ,on_demand,not_subscribed,US,1,0,0,0,0,11.35106667,681.064,36.53776824,0,0,0,0,0,0,0,0,0,0,0,0,0,0,0,0,0,0,0,Alton Alexander's Daily Vlog from SLC,available,PT31M4S,HOW TO RECORD AN EASY WEBINAR | ALTON ALEXANDER 011,1864
20180120,UCFAOhU0g6xF7BkLsU6q8jfA,UQnI7xbgbOg,on_demand,not_subscribed,US,2,0,0,0,0,4.07785,122.3355,43.53576512,0,0,0,0,0,0,0,0,0,0,0,0,0,0,0,0,0,0,0,Alton Alexander's Daily Vlog from SLC,available,PT4M41S,HOW TO TAKE A SICK DAY LIKE A BOSS | ALTON ALEXANDER 012,281
20180120,UCFAOhU0g6xF7BkLsU6q8jfA,cqu7DcWLhN8,on_demand,not_subscribed,US,1,0,0,0,0,0.42385,25.430999999999997,127.155,0,0,0,0,0,0,0,0,0,0,0,0,0,0,0,0,0,0,0,Alton Alexander's Daily Vlog from SLC,available,PT20S,QUESTIONS | ALTON ALEXANDER 002,20
20180120,UCFAOhU0g6xF7BkLsU6q8jfA,JQH2vWOU4GA,on_demand,not_subscribed,US,1,0,0,0,0,0.33495,20.097,21.15473684,0,0,0,0,0,0,0,0,0,0,0,0,0,0,0,0,0,0,0,Alton Alexander's Daily Vlog from SLC,available,PT1M35S,MAKING THE VLOG INTERESTING IN NEW YORK | ALTON ALEXANDER 013,95
20180120,UCFAOhU0g6xF7BkLsU6q8jfA,BJr58uoJGgY,on_demand,not_subscribed,US,1,0,0,0,0,1.5630166669999999,93.781,63.79659864,0,0,0,0,0,0,0,0,0,0,0,0,0,0,0,0,0,0,0,Alton Alexander's Daily Vlog from SLC,available,PT2M27S,DOING WHATEVER IT TAKES TO MAKE YOUR DREAMS A REALITY | ALTON ALEXANDER 009,147
20180120,UCFAOhU0g6xF7BkLsU6q8jfA,sXF3GraZQLs,on_demand,not_subscribed,US,1,0,0,0,1,0.1374333333,8.246,6.4421875,0,0,0,0,0,0,0,0,0,0,0,0,0,0,0,0,0,0,0,Alton Alexander's Daily Vlog from SLC,available,PT2M8S,Why am I doing a daily Vlog? | ALTON ALEXANDER 002,128
20180123,UCFAOhU0g6xF7BkLsU6q8jfA,bUa_UOQJBa4,on_demand,not_subscribed,US,2,0,0,0,0,1.327016667,39.8105,49.14876543,0,0,0,0,0,0,0,0,0,0,0,0,0,0,0,0,0,0,0,Alton Alexander's Daily Vlog from SLC,available,PT1M21S,The Silicon Slopes Tech Summit is the place to be | BUSINESS VLOG 020,81
20180123,UCFAOhU0g6xF7BkLsU6q8jfA,UQnI7xbgbOg,on_demand,not_subscribed,US,1,0,0,0,0,2.863,171.78,61.1316726,0,0,0,0,0,0,0,0,0,0,0,0,0,0,0,0,0,0,0,Alton Alexander's Daily Vlog from SLC,available,PT4M41S,HOW TO TAKE A SICK DAY LIKE A BOSS | ALTON ALEXANDER 012,281
20180123,UCFAOhU0g6xF7BkLsU6q8jfA,sXF3GraZQLs,on_demand,subscribed,US,2,0,0,0,0,0.2984666667,8.954,6.9953125,0,0,0,0,0,0,0,0,0,0,0,0,0,0,0,0,0,0,0,Alton Alexander's Daily Vlog from SLC,available,PT2M8S,Why am I doing a daily Vlog? | ALTON ALEXANDER 002,128
20180123,UCFAOhU0g6xF7BkLsU6q8jfA,ziq81sZZ630,on_demand,not_subscribed,US,1,0,0,0,0,0.6791833333,40.751,20.685786800000002,0,0,0,0,0,0,0,0,0,0,0,0,0,0,0,0,0,0,0,Alton Alexander's Daily Vlog from SLC,available,PT3M17S,Perfect Is the Enemy Of Progress | BUISNESS VLOG 023,197
20180123,UCFAOhU0g6xF7BkLsU6q8jfA,ziq81sZZ630,on_demand,subscribed,US,2,0,0,0,0,3.730333333,111.91,56.8071066,0,0,0,0,0,0,0,0,0,0,0,0,0,0,0,0,0,0,0,Alton Alexander's Daily Vlog from SLC,available,PT3M17S,Perfect Is the Enemy Of Progress | BUISNESS VLOG 023,197
20180123,UCFAOhU0g6xF7BkLsU6q8jfA,ziq81sZZ630,on_demand,not_subscribed,CA,2,0,0,0,0,2.025466667,60.763999999999996,30.84467005,0,0,0,0,0,0,0,0,0,0,0,0,0,0,0,0,0,0,0,Alton Alexander's Daily Vlog from SLC,available,PT3M17S,Perfect Is the Enemy Of Progress | BUISNESS VLOG 023,197
20180123,UCFAOhU0g6xF7BkLsU6q8jfA,GCtRWs3DTvg,on_demand,subscribed,US,1,0,0,0,0,10.54033333,632.42,204.66666669999998,0,0,0,0,0,0,0,0,0,0,0,0,0,0,0,0,0,0,0,Alton Alexander's Daily Vlog from SLC,available,PT5M9S,Setting Up Marketing Automation | BUISNESS VLOG 022,309
20180123,UCFAOhU0g6xF7BkLsU6q8jfA,GCtRWs3DTvg,on_demand,not_subscribed,US,5,0,0,0,0,12.67903333,152.1484,49.2389644,0,0,0,0,0,0,0,0,0,0,0,0,0,0,0,0,0,0,0,Alton Alexander's Daily Vlog from SLC,available,PT5M9S,Setting Up Marketing Automation | BUISNESS VLOG 022,309
20180123,UCFAOhU0g6xF7BkLsU6q8jfA,cyHtVdYYtpI,on_demand,not_subscribed,US,1,0,0,0,0,1.442333333,86.54,91.09473684,0,0,0,0,0,0,0,0,0,0,0,0,0,0,0,0,0,0,0,Alton Alexander's Daily Vlog from SLC,available,PT1M35S,FINDING YOUR DREAM CLIENT | ALTON ALEXANDER 014,95
20180124,UCFAOhU0g6xF7BkLsU6q8jfA,_iGm2nI2lqo,on_demand,subscribed,US,1,0,0,0,0,0.4344166667,26.065,27.43684211,0,0,0,0,0,0,0,0,0,0,0,0,0,0,0,0,0,0,0,Alton Alexander's Daily Vlog from SLC,available,PT1M35S,ON MY WAY HOME | ALTON ALEXANDER 018,95
20180124,UCFAOhU0g6xF7BkLsU6q8jfA,7UfYA_QiyVc,on_demand,not_subscribed,US,1,0,0,0,0,0.07248333333,4.349,2.23025641,0,0,0,0,0,0,0,0,0,0,0,0,0,0,0,0,0,0,0,Alton Alexander's Daily Vlog from SLC,available,PT3M15S,UNDERSTANDING YOUR PLACE | ALTON ALEXANDER 017,195
20180124,UCFAOhU0g6xF7BkLsU6q8jfA,7UfYA_QiyVc,on_demand,subscribed,US,1,0,0,0,0,3.2380166669999997,194.28099999999998,99.63128205,0,0,0,0,0,0,0,0,0,0,0,0,0,0,0,0,0,0,0,Alton Alexander's Daily Vlog from SLC,available,PT3M15S,UNDERSTANDING YOUR PLACE | ALTON ALEXANDER 017,195
20180124,UCFAOhU0g6xF7BkLsU6q8jfA,nKkLlJ75gEM,on_demand,subscribed,ZZ,0,0,3,0,0,0.0,0.0,0.0,0,0,0,0,0,0,0,0,0,0,0,0,0,0,0,0,0,0,0,Alton Alexander's Daily Vlog from SLC,available,PT2M41S,SIDEWALK TALK | ALTON ALEXANDER 019,161
20180124,UCFAOhU0g6xF7BkLsU6q8jfA,nKkLlJ75gEM,on_demand,subscribed,US,6,0,0,0,0,4.719316667,47.19316667,29.31252588,0,0,0,0,0,0,0,0,0,0,0,0,0,0,0,0,0,0,0,Alton Alexander's Daily Vlog from SLC,available,PT2M41S,SIDEWALK TALK | ALTON ALEXANDER 019,161
20180124,UCFAOhU0g6xF7BkLsU6q8jfA,nKkLlJ75gEM,on_demand,not_subscribed,US,1,0,0,0,0,2.345233333,140.714,87.4,0,0,0,0,0,0,0,0,0,0,0,0,0,0,0,0,0,0,0,Alton Alexander's Daily Vlog from SLC,available,PT2M41S,SIDEWALK TALK | ALTON ALEXANDER 019,161
20180124,UCFAOhU0g6xF7BkLsU6q8jfA,bUa_UOQJBa4,on_demand,not_subscribed,US,2,0,0,0,0,1.175866667,35.275999999999996,43.55061728,0,0,0,0,0,0,0,0,0,0,0,0,0,0,0,0,0,0,0,Alton Alexander's Daily Vlog from SLC,available,PT1M21S,The Silicon Slopes Tech Summit is the place to be | BUSINESS VLOG 020,81
20180124,UCFAOhU0g6xF7BkLsU6q8jfA,UQnI7xbgbOg,on_demand,subscribed,US,2,0,0,0,0,0.7253333332999999,21.76,7.743772242,0,0,0,0,0,0,0,0,0,0,0,0,0,0,0,0,0,0,0,Alton Alexander's Daily Vlog from SLC,available,PT4M41S,HOW TO TAKE A SICK DAY LIKE A BOSS | ALTON ALEXANDER 012,281
20180124,UCFAOhU0g6xF7BkLsU6q8jfA,BJr58uoJGgY,on_demand,subscribed,US,1,0,0,0,0,0.1011666667,6.07,4.129251701,0,0,0,0,0,0,0,0,0,0,0,0,0,0,0,0,0,0,0,Alton Alexander's Daily Vlog from SLC,available,PT2M27S,DOING WHATEVER IT TAKES TO MAKE YOUR DREAMS A REALITY | ALTON ALEXANDER 009,147
20180124,UCFAOhU0g6xF7BkLsU6q8jfA,ziq81sZZ630,on_demand,subscribed,US,5,0,0,0,0,8.104,97.24799999999999,49.36446701,0,0,0,0,0,0,0,0,0,0,0,0,0,0,0,0,0,0,0,Alton Alexander's Daily Vlog from SLC,available,PT3M17S,Perfect Is the Enemy Of Progress | BUISNESS VLOG 023,197
20180124,UCFAOhU0g6xF7BkLsU6q8jfA,ziq81sZZ630,on_demand,not_subscribed,US,1,0,0,0,0,0.6659999999999999,39.96,20.28426396,0,0,0,0,0,0,0,0,0,0,0,0,0,0,0,0,0,0,0,Alton Alexander's Daily Vlog from SLC,available,PT3M17S,Perfect Is the Enemy Of Progress | BUISNESS VLOG 023,197
20180124,UCFAOhU0g6xF7BkLsU6q8jfA,ziq81sZZ630,on_demand,subscribed,ZZ,0,0,2,0,0,0.0,0.0,0.0,0,0,0,0,0,0,0,0,0,0,0,0,0,0,0,0,0,0,0,Alton Alexander's Daily Vlog from SLC,available,PT3M17S,Perfect Is the Enemy Of Progress | BUISNESS VLOG 023,197
20180124,UCFAOhU0g6xF7BkLsU6q8jfA,PF-zs9EoBUs,on_demand,subscribed,US,1,0,0,0,0,0.8158833333,48.953,33.30136054,0,0,0,0,0,0,0,0,0,0,0,0,0,0,0,0,0,0,0,Alton Alexander's Daily Vlog from SLC,available,PT2M27S,21 Days of a Daily Vlog | BUSINESS VLOG 021,147
20180124,UCFAOhU0g6xF7BkLsU6q8jfA,RDAk1T09lW0,on_demand,subscribed,ZZ,0,0,2,0,0,0.0,0.0,0.0,0,0,0,0,0,0,0,0,0,0,0,0,0,0,0,0,0,0,0,Alton Alexander's Daily Vlog from SLC,available,PT5M9S,What's Old is New | BUSINESS VLOG 024,309
20180124,UCFAOhU0g6xF7BkLsU6q8jfA,RDAk1T09lW0,on_demand,subscribed,US,3,0,0,0,0,15.52185,310.437,100.4650485,0,0,0,0,0,0,0,0,0,0,0,0,0,0,0,0,0,0,0,Alton Alexander's Daily Vlog from SLC,available,PT5M9S,What's Old is New | BUSINESS VLOG 024,309
20180124,UCFAOhU0g6xF7BkLsU6q8jfA,RDAk1T09lW0,on_demand,not_subscribed,US,7,0,0,0,1,8.603066667,73.74057143,23.864262600000004,0,0,0,0,0,0,0,0,0,0,0,0,0,0,0,0,0,0,0,Alton Alexander's Daily Vlog from SLC,available,PT5M9S,What's Old is New | BUSINESS VLOG 024,309
20180124,UCFAOhU0g6xF7BkLsU6q8jfA,RDAk1T09lW0,on_demand,not_subscribed,AU,1,0,0,0,0,2.383433333,143.006,46.2802589,0,0,0,0,0,0,0,0,0,0,0,0,0,0,0,0,0,0,0,Alton Alexander's Daily Vlog from SLC,available,PT5M9S,What's Old is New | BUSINESS VLOG 024,309
20180124,UCFAOhU0g6xF7BkLsU6q8jfA,GCtRWs3DTvg,on_demand,subscribed,US,2,0,0,0,0,10.27768333,308.3305,99.78333333,0,0,0,0,0,0,0,0,0,0,0,0,0,0,0,0,0,0,0,Alton Alexander's Daily Vlog from SLC,available,PT5M9S,Setting Up Marketing Automation | BUISNESS VLOG 022,309
20180128,UCFAOhU0g6xF7BkLsU6q8jfA,ziq81sZZ630,on_demand,not_subscribed,US,1,0,0,0,0,0.23776666670000002,14.265999999999998,7.241624365,0,0,0,0,0,0,0,0,0,0,0,0,0,0,0,0,0,0,0,Alton Alexander's Daily Vlog from SLC,available,PT3M17S,Perfect Is the Enemy Of Progress | BUISNESS VLOG 023,197
20180128,UCFAOhU0g6xF7BkLsU6q8jfA,RDAk1T09lW0,on_demand,not_subscribed,US,1,0,0,0,0,0.3201,19.206,6.215533981,0,0,0,0,0,0,0,0,0,0,0,0,0,0,0,0,0,0,0,Alton Alexander's Daily Vlog from SLC,available,PT5M9S,What's Old is New | BUSINESS VLOG 024,309
20180128,UCFAOhU0g6xF7BkLsU6q8jfA,RDAk1T09lW0,on_demand,not_subscribed,AU,1,0,0,0,0,0.9307,55.842,18.07184466,0,0,0,0,0,0,0,0,0,0,0,0,0,0,0,0,0,0,0,Alton Alexander's Daily Vlog from SLC,available,PT5M9S,What's Old is New | BUSINESS VLOG 024,309
20180128,UCFAOhU0g6xF7BkLsU6q8jfA,GCtRWs3DTvg,on_demand,subscribed,US,2,0,0,0,0,0.4816666667,14.45,4.676375405,0,0,0,0,0,0,0,0,0,0,0,0,0,0,0,0,0,0,0,Alton Alexander's Daily Vlog from SLC,available,PT5M9S,Setting Up Marketing Automation | BUISNESS VLOG 022,309
20180128,UCFAOhU0g6xF7BkLsU6q8jfA,TpdK57Vac1c,on_demand,not_subscribed,US,4,0,0,0,0,4.709733333,70.646,54.34307692,0,0,0,0,0,0,0,0,0,0,0,0,0,0,0,0,0,0,0,Alton Alexander's Daily Vlog from SLC,available,PT2M10S,HARDSHIPS & ACHIVEMENTS | ALTON ALEXANDER 027,130
20180128,UCFAOhU0g6xF7BkLsU6q8jfA,TpdK57Vac1c,on_demand,subscribed,US,4,0,0,0,0,7.54785,113.21775,87.09057692,0,0,0,0,0,0,0,0,0,0,0,0,0,0,0,0,0,0,0,Alton Alexander's Daily Vlog from SLC,available,PT2M10S,HARDSHIPS & ACHIVEMENTS | ALTON ALEXANDER 027,130
20180128,UCFAOhU0g6xF7BkLsU6q8jfA,5HhZCxmJhQs,on_demand,subscribed,US,2,0,0,0,0,2.78,83.4,99.28571429,0,0,0,0,0,0,0,0,0,0,0,0,0,0,0,0,0,0,0,Alton Alexander's Daily Vlog from SLC,available,PT1M24S,Two Resources Often Overlooked | BUSINESS VLOG 026,84
20180128,UCFAOhU0g6xF7BkLsU6q8jfA,whXEzS7WWfE,on_demand,not_subscribed,US,1,0,0,0,0,0.4788,28.728,29.01818182,0,0,0,0,0,0,0,0,0,0,0,0,0,0,0,0,0,0,0,Alton Alexander's Daily Vlog from SLC,available,PT1M39S,Career Path a to Data Science Agency | BUSINESS VLOG 025,99
20180128,UCFAOhU0g6xF7BkLsU6q8jfA,whXEzS7WWfE,on_demand,subscribed,US,1,0,0,0,0,1.6333333330000002,98.0,98.98989899,0,0,0,0,0,0,0,0,0,0,0,0,0,0,0,0,0,0,0,Alton Alexander's Daily Vlog from SLC,available,PT1M39S,Career Path a to Data Science Agency | BUSINESS VLOG 025,99
20180128,UCFAOhU0g6xF7BkLsU6q8jfA,PnXVQUbiuxo,on_demand,subscribed,US,4,0,0,0,0,7.008983333,105.13475,89.09724576,0,0,0,0,0,0,0,0,0,0,0,0,0,0,0,0,0,0,0,Alton Alexander's Daily Vlog from SLC,available,PT1M58S,MY CHALLENGES | ALTON ALEXANDER 027,118
20180128,UCFAOhU0g6xF7BkLsU6q8jfA,PnXVQUbiuxo,on_demand,subscribed,ZZ,0,0,1,0,0,0.0,0.0,0.0,0,0,0,0,0,0,0,0,0,0,0,0,0,0,0,0,0,0,0,Alton Alexander's Daily Vlog from SLC,available,PT1M58S,MY CHALLENGES | ALTON ALEXANDER 027,118
20180128,UCFAOhU0g6xF7BkLsU6q8jfA,PnXVQUbiuxo,on_demand,not_subscribed,US,7,0,0,0,0,0.6187666667,5.303714286,4.494673123,0,0,0,0,0,0,0,0,0,0,0,0,0,0,0,0,0,0,0,Alton Alexander's Daily Vlog from SLC,available,PT1M58S,MY CHALLENGES | ALTON ALEXANDER 027,118
20180128,UCFAOhU0g6xF7BkLsU6q8jfA,m2TchqfBCC8,on_demand,not_subscribed,US,4,0,0,0,0,0.3668833333,5.50325,4.233269231,0,0,0,0,0,0,0,0,0,0,0,0,0,0,0,0,0,0,0,,removed/unavailable,,,0
20180128,UCFAOhU0g6xF7BkLsU6q8jfA,tvpqjiRY63o,on_demand,not_subscribed,US,1,0,0,0,0,0.08608333332999998,5.165,4.377118643999999,0,0,0,0,0,0,0,0,0,0,0,0,0,0,0,0,0,0,0,,removed/unavailable,,,0
20180128,UCFAOhU0g6xF7BkLsU6q8jfA,PNBar04ssLc,on_demand,not_subscribed,US,4,0,0,0,0,0.6662666667,9.994,7.687692308,0,0,0,0,0,0,0,0,0,0,0,0,0,0,0,0,0,0,0,,removed/unavailable,,,0
20180129,UCFAOhU0g6xF7BkLsU6q8jfA,kQ-sNXT7Jx8,on_demand,not_subscribed,US,1,0,0,0,0,0.4536666667,27.22,34.455696200000006,0,0,0,0,0,0,0,0,0,0,0,0,0,0,0,0,0,0,0,Alton Alexander's Daily Vlog from SLC,available,PT1M19S,First Episode | VLOG 001,79
20180129,UCFAOhU0g6xF7BkLsU6q8jfA,kQ-sNXT7Jx8,on_demand,subscribed,US,1,0,0,0,0,0.06666666667,4.0,5.0632911389999995,0,0,0,0,0,0,0,0,0,0,0,0,0,0,0,0,0,0,0,Alton Alexander's Daily Vlog from SLC,available,PT1M19S,First Episode | VLOG 001,79
20180129,UCFAOhU0g6xF7BkLsU6q8jfA,JKiyNPLZC2U,on_demand,subscribed,US,5,0,0,0,0,10.47943333,125.7532,80.61102564,0,0,0,0,0,0,0,0,0,0,0,0,0,0,0,0,0,0,0,Alton Alexander's Daily Vlog from SLC,available,PT2M36S,TURNING BUISNESS INTO ART | ALTON ALEXANDER 029,156
20180129,UCFAOhU0g6xF7BkLsU6q8jfA,JKiyNPLZC2U,on_demand,subscribed,ZZ,0,0,2,0,0,0.0,0.0,0.0,0,0,0,0,0,0,0,0,0,0,0,0,0,0,0,0,0,0,0,Alton Alexander's Daily Vlog from SLC,available,PT2M36S,TURNING BUISNESS INTO ART | ALTON ALEXANDER 029,156
20180129,UCFAOhU0g6xF7BkLsU6q8jfA,JKiyNPLZC2U,on_demand,not_subscribed,US,15,0,0,0,3,14.76116667,59.04466667,37.849145299999996,0,0,0,0,0,0,0,0,0,0,0,0,0,0,0,0,0,0,0,Alton Alexander's Daily Vlog from SLC,available,PT2M36S,TURNING BUISNESS INTO ART | ALTON ALEXANDER 029,156
20180129,UCFAOhU0g6xF7BkLsU6q8jfA,ziq81sZZ630,on_demand,subscribed,US,1,0,0,0,0,3.2178166669999997,193.06900000000002,98.00456853,0,0,0,0,0,0,0,0,0,0,0,0,0,0,0,0,0,0,0,Alton Alexander's Daily Vlog from SLC,available,PT3M17S,Perfect Is the Enemy Of Progress | BUISNESS VLOG 023,197
20180129,UCFAOhU0g6xF7BkLsU6q8jfA,TpdK57Vac1c,on_demand,subscribed,ZZ,0,0,1,0,0,0.0,0.0,0.0,0,0,0,0,0,0,0,0,0,0,0,0,0,0,0,0,0,0,0,Alton Alexander's Daily Vlog from SLC,available,PT2M10S,HARDSHIPS & ACHIVEMENTS | ALTON ALEXANDER 027,130
20180129,UCFAOhU0g6xF7BkLsU6q8jfA,TpdK57Vac1c,on_demand,subscribed,US,5,0,0,0,0,4.609133333,55.3096,42.54584615,0,0,0,0,0,0,0,0,0,0,0,0,0,0,0,0,0,0,0,Alton Alexander's Daily Vlog from SLC,available,PT2M10S,HARDSHIPS & ACHIVEMENTS | ALTON ALEXANDER 027,130
20180129,UCFAOhU0g6xF7BkLsU6q8jfA,5HhZCxmJhQs,on_demand,not_subscribed,US,2,0,0,0,0,1.3472166669999999,40.4165,48.11488095,0,0,0,0,0,0,0,0,0,0,0,0,0,0,0,0,0,0,0,Alton Alexander's Daily Vlog from SLC,available,PT1M24S,Two Resources Often Overlooked | BUSINESS VLOG 026,84
20180129,UCFAOhU0g6xF7BkLsU6q8jfA,5HhZCxmJhQs,on_demand,subscribed,US,1,0,0,0,0,0.1193,7.1579999999999995,8.521428571,0,0,0,0,0,0,0,0,0,0,0,0,0,0,0,0,0,0,0,Alton Alexander's Daily Vlog from SLC,available,PT1M24S,Two Resources Often Overlooked | BUSINESS VLOG 026,84
20180129,UCFAOhU0g6xF7BkLsU6q8jfA,5HhZCxmJhQs,on_demand,not_subscribed,ZZ,0,1,0,0,0,0.0,0.0,0.0,0,0,0,0,0,0,0,0,0,0,0,0,0,0,0,0,0,0,0,Alton Alexander's Daily Vlog from SLC,available,PT1M24S,Two Resources Often Overlooked | BUSINESS VLOG 026,84
20180129,UCFAOhU0g6xF7BkLsU6q8jfA,whXEzS7WWfE,on_demand,not_subscribed,US,1,0,0,0,0,0.8651333333,51.908,52.43232323,0,0,0,0,0,0,0,0,0,0,0,0,0,0,0,0,0,0,0,Alton Alexander's Daily Vlog from SLC,available,PT1M39S,Career Path a to Data Science Agency | BUSINESS VLOG 025,99
20180129,UCFAOhU0g6xF7BkLsU6q8jfA,alhy4uNryxY,on_demand,not_subscribed,US,1,0,0,0,0,0.012116666670000002,0.727,7.27,0,0,0,0,0,0,0,0,0,0,0,0,0,0,0,0,0,0,0,,removed/unavailable,,,0
20180129,UCFAOhU0g6xF7BkLsU6q8jfA,PnXVQUbiuxo,on_demand,subscribed,US,1,0,0,0,0,1.813333333,108.8,92.20338983,0,0,0,0,0,0,0,0,0,0,0,0,0,0,0,0,0,0,0,Alton Alexander's Daily Vlog from SLC,available,PT1M58S,MY CHALLENGES | ALTON ALEXANDER 027,118
20180203,UCFAOhU0g6xF7BkLsU6q8jfA,kQ-sNXT7Jx8,on_demand,subscribed,US,1,0,0,0,0,0.06666666667,4.0,5.0632911389999995,0,0,0,0,0,0,0,0,0,0,0,0,0,0,0,0,0,0,0,Alton Alexander's Daily Vlog from SLC,available,PT1M19S,First Episode | VLOG 001,79
20180203,UCFAOhU0g6xF7BkLsU6q8jfA,sXF3GraZQLs,on_demand,subscribed,US,1,0,0,0,0,0.03333333333,2.0,1.5625,0,0,0,0,0,0,0,0,0,0,0,0,0,0,0,0,0,0,0,Alton Alexander's Daily Vlog from SLC,available,PT2M8S,Why am I doing a daily Vlog? | ALTON ALEXANDER 002,128
20180203,UCFAOhU0g6xF7BkLsU6q8jfA,PF-zs9EoBUs,on_demand,not_subscribed,US,2,0,0,0,0,0.4953166667,14.8595,10.1085034,0,0,0,0,0,0,0,0,0,0,0,0,0,0,0,0,0,0,0,Alton Alexander's Daily Vlog from SLC,available,PT2M27S,21 Days of a Daily Vlog | BUSINESS VLOG 021,147
20180203,UCFAOhU0g6xF7BkLsU6q8jfA,Yun9kMh7NDg,on_demand,subscribed,US,1,0,0,0,0,0.0,0.0,0.0,0,0,0,0,0,0,0,0,0,0,0,0,0,0,0,0,0,0,0,,removed/unavailable,,,0
20180203,UCFAOhU0g6xF7BkLsU6q8jfA,qWOfxKzw8e4,on_demand,not_subscribed,US,1,0,0,0,0,1.222266667,73.336,58.203174600000004,0,0,0,0,0,0,0,0,0,0,0,0,0,0,0,0,0,0,0,Alton Alexander's Daily Vlog from SLC,available,PT2M6S,1 MONTH | ALTON ALEXANDER 032,126
20180203,UCFAOhU0g6xF7BkLsU6q8jfA,cpQ0SFwdzWo,on_demand,not_subscribed,US,3,0,0,0,0,2.2633333330000003,45.26666667,34.29292929,0,0,0,0,0,0,0,0,0,0,0,0,0,0,0,0,0,0,0,Alton Alexander's Daily Vlog from SLC,available,PT2M12S,NETWORKING | ALTON ALEXANDER 034,132
20180203,UCFAOhU0g6xF7BkLsU6q8jfA,cpQ0SFwdzWo,on_demand,subscribed,US,1,0,0,0,0,4.373833333,262.43,198.8106061,0,0,0,0,0,0,0,0,0,0,0,0,0,0,0,0,0,0,0,Alton Alexander's Daily Vlog from SLC,available,PT2M12S,NETWORKING | ALTON ALEXANDER 034,132
20180203,UCFAOhU0g6xF7BkLsU6q8jfA,736EVY6NVRM,on_demand,subscribed,US,2,0,0,0,0,1.393966667,41.818999999999996,22.97747253,0,0,0,0,0,0,0,0,0,0,0,0,0,0,0,0,0,0,0,Alton Alexander's Daily Vlog from SLC,available,PT3M2S,There is nothing worse then waiting for the perfect day to start a business | ALTON ALEXANDER 033,182
20180222,UCFAOhU0g6xF7BkLsU6q8jfA,sKAMRYm9EM4,on_demand,subscribed,US,6,0,0,0,0,14.34816667,143.48166669999998,80.60767790000001,0,0,0,0,0,0,0,0,0,0,0,0,0,0,0,0,0,0,0,Alton Alexander's Daily Vlog from SLC,available,PT2M58S,5 TOOLS THAT EVERY DATA SCIENTIST NEEDS | SLC BUSINESS VLOG 052,178
20180222,UCFAOhU0g6xF7BkLsU6q8jfA,sKAMRYm9EM4,on_demand,not_subscribed,US,1,0,0,0,0,0.027966666669999998,1.6780000000000002,0.9426966292,0,0,0,0,0,0,0,0,0,0,0,0,0,0,0,0,0,0,0,Alton Alexander's Daily Vlog from SLC,available,PT2M58S,5 TOOLS THAT EVERY DATA SCIENTIST NEEDS | SLC BUSINESS VLOG 052,178
20180222,UCFAOhU0g6xF7BkLsU6q8jfA,sKAMRYm9EM4,on_demand,subscribed,ZZ,0,0,2,0,0,0.0,0.0,0.0,0,0,0,0,0,0,0,0,0,0,0,0,0,0,0,0,0,0,0,Alton Alexander's Daily Vlog from SLC,available,PT2M58S,5 TOOLS THAT EVERY DATA SCIENTIST NEEDS | SLC BUSINESS VLOG 052,178
20180222,UCFAOhU0g6xF7BkLsU6q8jfA,ttflk4Rjfwg,on_demand,not_subscribed,US,2,0,0,0,0,1.260016667,37.8005,22.10555556,1,1,0,0,0,0,0,0,0,0,0,0,0,0,0,0,0,0,0,Alton Alexander's Daily Vlog from SLC,available,PT2M51S,1990s Tribute Themed Webpage Designs | SLC BUSINESS VLOG 050,171
20180222,UCFAOhU0g6xF7BkLsU6q8jfA,PHhkvQQlCKg,on_demand,subscribed,ZZ,0,0,0,0,0,0.0,0.0,0.0,0,0,0,0,0,0,0,0,0,0,0,0,0,1,0,0,0,0,0,Alton Alexander's Daily Vlog from SLC,available,PT3M10S,The climb from downtown to I-street jumps | SLC VLOG 048,190
20180222,UCFAOhU0g6xF7BkLsU6q8jfA,PHhkvQQlCKg,on_demand,not_subscribed,US,3,0,0,0,0,6.432833333,128.65666670000002,67.71403509,1,1,0,0,0,0,0,0,0,0,0,0,0,0,0,0,0,0,0,Alton Alexander's Daily Vlog from SLC,available,PT3M10S,The climb from downtown to I-street jumps | SLC VLOG 048,190
20180222,UCFAOhU0g6xF7BkLsU6q8jfA,wZzupWR7TKc,on_demand,subscribed,ZZ,0,0,2,0,0,0.0,0.0,0.0,0,0,0,0,0,0,0,0,0,0,0,0,0,0,0,0,0,0,0,Alton Alexander's Daily Vlog from SLC,available,PT2M42S,THE SCIENTIFIC METHOD | SLC BUSINESS VLOG 053,162
20180222,UCFAOhU0g6xF7BkLsU6q8jfA,wZzupWR7TKc,on_demand,subscribed,US,6,0,0,0,0,8.9195,89.195,55.05864198,0,0,0,0,0,0,0,0,0,0,0,0,0,0,0,0,0,0,0,Alton Alexander's Daily Vlog from SLC,available,PT2M42S,THE SCIENTIFIC METHOD | SLC BUSINESS VLOG 053,162
20180222,UCFAOhU0g6xF7BkLsU6q8jfA,wZzupWR7TKc,on_demand,not_subscribed,ZZ,0,1,0,0,0,0.0,0.0,0.0,0,0,0,0,0,0,0,0,0,0,0,0,0,0,0,0,0,0,0,Alton Alexander's Daily Vlog from SLC,available,PT2M42S,THE SCIENTIFIC METHOD | SLC BUSINESS VLOG 053,162
20180222,UCFAOhU0g6xF7BkLsU6q8jfA,wZzupWR7TKc,on_demand,not_subscribed,US,12,0,0,0,0,3.878566667,19.39283333,11.97088477,5,5,0,0,0,0,0,0,0,0,0,0,0,0,0,0,0,0,0,Alton Alexander's Daily Vlog from SLC,available,PT2M42S,THE SCIENTIFIC METHOD | SLC BUSINESS VLOG 053,162
20180222,UCFAOhU0g6xF7BkLsU6q8jfA,qo22_h7yhYo,on_demand,not_subscribed,CA,1,0,0,0,0,0.1564833333,9.389,11.04588235,1,1,0,0,0,0,0,0,0,0,0,0,0,0,0,0,0,0,0,Alton Alexander's Daily Vlog from SLC,available,PT1M25S,What's new this spring? | SLC BUSINESS VLOG 049,85
20180222,UCFAOhU0g6xF7BkLsU6q8jfA,qo22_h7yhYo,on_demand,not_subscribed,US,1,0,0,0,0,1.4021166669999998,84.12700000000001,98.97294118,1,1,0,0,0,0,0,0,0,0,0,0,0,0,0,0,0,0,0,Alton Alexander's Daily Vlog from SLC,available,PT1M25S,What's new this spring? | SLC BUSINESS VLOG 049,85
20180222,UCFAOhU0g6xF7BkLsU6q8jfA,AewQ-uC3TSQ,on_demand,subscribed,ZZ,0,0,1,0,0,0.0,0.0,0.0,0,0,0,0,0,0,0,0,0,0,0,0,0,0,0,0,0,0,0,Alton Alexander's Daily Vlog from SLC,available,PT3M48S,GETTING THE MOST OUT OF YOUR DATA SCIENTIST | SLC BUSINESS VLOG 051,228
20180222,UCFAOhU0g6xF7BkLsU6q8jfA,AewQ-uC3TSQ,on_demand,subscribed,US,1,0,0,0,0,3.798833333,227.93,99.96929825,0,0,0,0,0,0,0,0,0,0,0,0,0,0,0,0,0,0,0,Alton Alexander's Daily Vlog from SLC,available,PT3M48S,GETTING THE MOST OUT OF YOUR DATA SCIENTIST | SLC BUSINESS VLOG 051,228
20180222,UCFAOhU0g6xF7BkLsU6q8jfA,ExLLIme9HeQ,on_demand,subscribed,US,1,0,0,0,0,0.2415,14.49,8.573964497,2,2,0,0,2,0,0,0,0,0,0,0,0,0,0,0,0,0,0,Alton Alexander's Daily Vlog from SLC,available,PT2M49S,Running a youtube video ad experiment to drive more views | SLC BUSINESS VLOG 042,169
20180222,UCFAOhU0g6xF7BkLsU6q8jfA,sMSlpjeNxBw,on_demand,not_subscribed,CA,2,0,0,0,0,0.8287166667,24.8615,17.88597122,1,1,0,0,0,0,0,0,0,0,0,0,0,0,0,0,0,0,0,Alton Alexander's Daily Vlog from SLC,available,PT2M19S,WORK ETHIC | SLC BUSINESS VLOG 046,139
20180222,UCFAOhU0g6xF7BkLsU6q8jfA,2hglBepkNWg,on_demand,not_subscribed,US,1,0,0,0,0,2.7397,164.382,63.22384615,2,2,0,0,1,0,0,0,0,0,0,0,0,0,0,0,0,0,0,Alton Alexander's Daily Vlog from SLC,available,PT4M20S,How Front Analytics became the company it is today | SLC BUSINESS VLOG 043,260
20180222,UCFAOhU0g6xF7BkLsU6q8jfA,2kxdbFawicY,on_demand,subscribed,US,1,0,0,0,0,3.675333333,220.52,99.78280543,1,1,0,0,1,0,0,0,0,0,0,0,0,0,0,0,0,0,0,Alton Alexander's Daily Vlog from SLC,available,PT3M41S,How to scale your business by selling new products to new customers | BUSINESS VLOG 039,221
20180303,UCFAOhU0g6xF7BkLsU6q8jfA,kQ-sNXT7Jx8,on_demand,not_subscribed,US,1,0,0,0,0,0.23646666670000002,14.187999999999999,17.95949367,1,1,0,0,0,0,0,0,0,0,0,0,0,0,0,0,0,0,0,Alton Alexander's Daily Vlog from SLC,available,PT1M19S,First Episode | VLOG 001,79
20180303,UCFAOhU0g6xF7BkLsU6q8jfA,lI0ny6jydAk,on_demand,not_subscribed,IN,1,0,0,0,0,0.1274,7.644,5.6622222220000005,1,1,0,0,0,0,0,0,0,0,0,0,0,0,0,0,0,0,0,Alton Alexander's Daily Vlog from SLC,available,PT2M15S,How to get started with deep learning and AI | VLOG 056,135
20180303,UCFAOhU0g6xF7BkLsU6q8jfA,DEVWxrJKco0,on_demand,not_subscribed,US,3,0,0,0,0,2.1212,42.424,49.91058824,2,2,0,0,0,0,0,0,0,0,0,0,0,0,0,0,0,0,0,Alton Alexander's Daily Vlog from SLC,available,PT1M25S,AUTHENTICITY | SLC BUSINESS VLOG 062,85
20180303,UCFAOhU0g6xF7BkLsU6q8jfA,DEVWxrJKco0,on_demand,subscribed,US,1,0,0,0,0,3.811266667,228.676,269.03058819999995,0,0,0,0,0,0,0,0,0,0,0,0,0,0,0,0,0,0,0,Alton Alexander's Daily Vlog from SLC,available,PT1M25S,AUTHENTICITY | SLC BUSINESS VLOG 062,85
20180303,UCFAOhU0g6xF7BkLsU6q8jfA,JKiyNPLZC2U,on_demand,not_subscribed,US,1,0,0,0,0,0.3461833333,20.771,13.31474359,0,0,0,0,0,0,0,0,0,0,0,0,0,0,0,0,0,0,0,Alton Alexander's Daily Vlog from SLC,available,PT2M36S,TURNING BUISNESS INTO ART | ALTON ALEXANDER 029,156
20180303,UCFAOhU0g6xF7BkLsU6q8jfA,QqCXkt2K4Rg,on_demand,not_subscribed,US,2,0,0,0,0,4.5974833330000004,137.9245,65.05872642,1,1,0,0,0,0,0,0,0,0,0,0,0,0,0,0,0,0,0,Alton Alexander's Daily Vlog from SLC,available,PT3M32S,VLOG EXPERIMENT UPDATE | SLC BUSINESS VLOG 061,212
20180303,UCFAOhU0g6xF7BkLsU6q8jfA,QqCXkt2K4Rg,on_demand,subscribed,US,3,0,0,0,0,3.55385,71.077,33.52688679,0,0,0,0,0,0,0,0,0,0,0,0,0,0,0,0,0,0,0,Alton Alexander's Daily Vlog from SLC,available,PT3M32S,VLOG EXPERIMENT UPDATE | SLC BUSINESS VLOG 061,212
20180308,UCFAOhU0g6xF7BkLsU6q8jfA,kQ-sNXT7Jx8,on_demand,not_subscribed,US,1,0,0,0,0,0.6630833333,39.785,50.36075949,1,1,0,0,0,0,0,0,0,0,0,0,0,0,0,0,0,0,0,Alton Alexander's Daily Vlog from SLC,available,PT1M19S,First Episode | VLOG 001,79
20180308,UCFAOhU0g6xF7BkLsU6q8jfA,DEVWxrJKco0,on_demand,subscribed,ZZ,0,0,1,0,0,0.0,0.0,0.0,0,0,0,0,0,0,0,0,0,0,0,0,0,0,0,0,0,0,0,Alton Alexander's Daily Vlog from SLC,available,PT1M25S,AUTHENTICITY | SLC BUSINESS VLOG 062,85
20180308,UCFAOhU0g6xF7BkLsU6q8jfA,DEVWxrJKco0,on_demand,subscribed,US,1,0,0,0,0,0.03416666667,2.05,2.411764706,0,0,0,0,0,0,0,0,0,0,0,0,0,0,0,0,0,0,0,Alton Alexander's Daily Vlog from SLC,available,PT1M25S,AUTHENTICITY | SLC BUSINESS VLOG 062,85
20180308,UCFAOhU0g6xF7BkLsU6q8jfA,JKiyNPLZC2U,on_demand,not_subscribed,US,1,0,0,0,0,1.7271166669999998,103.62700000000001,66.42756410000001,2,2,0,0,1,0,0,0,0,0,0,0,0,0,0,0,0,0,0,Alton Alexander's Daily Vlog from SLC,available,PT2M36S,TURNING BUISNESS INTO ART | ALTON ALEXANDER 029,156
20180308,UCFAOhU0g6xF7BkLsU6q8jfA,sXF3GraZQLs,on_demand,subscribed,US,1,0,0,0,0,0.01666666667,1.0,0.78125,0,0,0,0,0,0,0,0,0,0,0,0,0,0,0,0,0,0,0,Alton Alexander's Daily Vlog from SLC,available,PT2M8S,Why am I doing a daily Vlog? | ALTON ALEXANDER 002,128
20180308,UCFAOhU0g6xF7BkLsU6q8jfA,PHhkvQQlCKg,on_demand,not_subscribed,US,1,0,0,0,0,0.9221833333,55.331,29.12157895,1,1,0,0,0,0,0,0,0,0,0,0,0,0,0,0,0,0,0,Alton Alexander's Daily Vlog from SLC,available,PT3M10S,The climb from downtown to I-street jumps | SLC VLOG 048,190
20180308,UCFAOhU0g6xF7BkLsU6q8jfA,ExLLIme9HeQ,on_demand,not_subscribed,GB,1,0,0,0,0,0.74975,44.985,26.618343199999998,2,2,0,0,1,0,0,0,0,0,0,0,0,0,0,0,0,0,0,Alton Alexander's Daily Vlog from SLC,available,PT2M49S,Running a youtube video ad experiment to drive more views | SLC BUSINESS VLOG 042,169
20180308,UCFAOhU0g6xF7BkLsU6q8jfA,2kxdbFawicY,on_demand,not_subscribed,US,1,0,0,0,0,0.1754833333,10.529000000000002,4.764253394,2,2,0,0,1,1,100,0,0,0,0,0,0,0,0,0,0,0,0,Alton Alexander's Daily Vlog from SLC,available,PT3M41S,How to scale your business by selling new products to new customers | BUSINESS VLOG 039,221
20180308,UCFAOhU0g6xF7BkLsU6q8jfA,c5GrUp56qi8,on_demand,not_subscribed,US,2,0,0,0,0,3.0316,90.948,61.03892617,2,2,0,0,0,0,0,0,0,0,0,0,0,0,0,0,0,0,0,Alton Alexander's Daily Vlog from SLC,available,PT2M29S,OUR INDUSTRIOUS OFFICE | SLC BUSINESS VLOG 064,149
20180308,UCFAOhU0g6xF7BkLsU6q8jfA,c5GrUp56qi8,on_demand,not_subscribed,CA,1,0,0,0,0,1.682333333,100.94,67.74496644,0,0,0,0,0,0,0,0,0,0,0,0,0,0,0,0,0,0,0,Alton Alexander's Daily Vlog from SLC,available,PT2M29S,OUR INDUSTRIOUS OFFICE | SLC BUSINESS VLOG 064,149
20180308,UCFAOhU0g6xF7BkLsU6q8jfA,bgaodBZKIFY,on_demand,not_subscribed,US,1,0,0,0,0,0.32138333329999996,19.283,7.222097378,1,1,0,0,0,0,0,0,0,0,0,0,0,0,0,0,0,0,0,Alton Alexander's Daily Vlog from SLC,available,PT4M27S,THE NVIDIA TITAN V | SLC BUSINESS VLOG 065,267
20180308,UCFAOhU0g6xF7BkLsU6q8jfA,bgaodBZKIFY,on_demand,subscribed,US,1,0,0,0,0,0.14535,8.721,3.266292135,0,0,0,0,0,0,0,0,0,0,0,0,0,0,0,0,0,0,0,Alton Alexander's Daily Vlog from SLC,available,PT4M27S,THE NVIDIA TITAN V | SLC BUSINESS VLOG 065,267
20180308,UCFAOhU0g6xF7BkLsU6q8jfA,bgaodBZKIFY,on_demand,not_subscribed,ID,1,0,0,0,0,0.4789166667,28.735,10.76217228,1,1,0,0,0,0,0,0,0,0,0,0,0,0,0,0,0,0,0,Alton Alexander's Daily Vlog from SLC,available,PT4M27S,THE NVIDIA TITAN V | SLC BUSINESS VLOG 065,267
20180308,UCFAOhU0g6xF7BkLsU6q8jfA,lcYW2VL79Xo,on_demand,not_subscribed,US,1,0,0,0,0,1.279716667,76.783,118.12769229999999,2,2,0,0,0,0,0,0,0,0,0,0,0,0,0,0,0,0,0,Alton Alexander's Daily Vlog from SLC,available,PT1M5S,THE GOAL | SLC BUSINESS VLOG 059,65
20180308,UCFAOhU0g6xF7BkLsU6q8jfA,Q2XyUWyPS78,on_demand,not_subscribed,US,1,0,0,0,0,1.253016667,75.181,97.63766234,1,1,0,0,0,0,0,0,0,0,0,0,0,0,0,0,0,0,0,Alton Alexander's Daily Vlog from SLC,available,PT1M17S,OUR NEW OFFICE | SLC BUSINESS VLOG 060,77
20180308,UCFAOhU0g6xF7BkLsU6q8jfA,2icJnXBAKCI,on_demand,not_subscribed,US,3,0,0,0,0,4.536066667,90.72133333,50.967041200000004,3,3,0,0,0,0,0,0,0,0,0,0,0,0,0,0,0,0,0,,removed/unavailable,,,0
20180308,UCFAOhU0g6xF7BkLsU6q8jfA,T8YQBJXgW_M,on_demand,subscribed,US,7,0,0,0,0,4.605983333,39.47985714,37.59986395,0,0,0,0,0,0,0,0,0,0,0,0,0,0,0,0,0,0,0,Alton Alexander's Daily Vlog from SLC,available,PT1M45S,ON THE DIAL | SLC BUSINESS VLOG 066,105
20180308,UCFAOhU0g6xF7BkLsU6q8jfA,T8YQBJXgW_M,on_demand,not_subscribed,US,1,0,0,0,0,0.07206666667,4.324,4.118095238,0,0,0,0,0,0,0,0,0,0,0,0,0,0,0,0,0,0,0,Alton Alexander's Daily Vlog from SLC,available,PT1M45S,ON THE DIAL | SLC BUSINESS VLOG 066,105
20180312,UCFAOhU0g6xF7BkLsU6q8jfA,lI0ny6jydAk,on_demand,not_subscribed,MY,1,0,0,0,0,0.6216666667,37.3,27.62962963,0,0,0,0,0,0,0,0,0,0,0,0,0,0,0,1,1,0,0,Alton Alexander's Daily Vlog from SLC,available,PT2M15S,How to get started with deep learning and AI | VLOG 056,135
20180312,UCFAOhU0g6xF7BkLsU6q8jfA,kcGiHFso0b0,on_demand,not_subscribed,US,3,0,0,0,0,0.0368,0.736,0.286381323,0,0,0,0,0,0,0,0,0,0,0,0,0,0,0,0,0,0,0,Alton Alexander's Daily Vlog from SLC,available,PT4M17S,ANALYTICS IN MARKETING | SLC BUSINESS VLOG 070,257
20180312,UCFAOhU0g6xF7BkLsU6q8jfA,kcGiHFso0b0,on_demand,not_subscribed,ZZ,0,0,1,0,0,0.0,0.0,0.0,0,0,0,0,0,0,0,0,0,0,0,0,0,0,0,0,0,0,0,Alton Alexander's Daily Vlog from SLC,available,PT4M17S,ANALYTICS IN MARKETING | SLC BUSINESS VLOG 070,257
20180312,UCFAOhU0g6xF7BkLsU6q8jfA,j9U50pDzopo,on_demand,subscribed,US,1,0,0,0,0,0.8353833333,50.123000000000005,30.01377246,1,1,0,0,0,0,0,0,0,0,0,0,0,0,0,0,0,0,0,Alton Alexander's Daily Vlog from SLC,available,PT2M47S,DEEP LEARNING STUDY GROUP | VLOG 069,167
20180312,UCFAOhU0g6xF7BkLsU6q8jfA,j9U50pDzopo,on_demand,subscribed,ZZ,0,0,1,0,0,0.0,0.0,0.0,0,0,0,0,0,0,0,0,0,0,0,0,0,0,0,0,0,0,0,Alton Alexander's Daily Vlog from SLC,available,PT2M47S,DEEP LEARNING STUDY GROUP | VLOG 069,167
20180312,UCFAOhU0g6xF7BkLsU6q8jfA,j9U50pDzopo,on_demand,not_subscribed,US,1,0,0,0,0,0.9681833333,58.091,34.78502994,1,1,0,0,0,0,0,0,0,0,0,0,0,0,0,0,0,0,0,Alton Alexander's Daily Vlog from SLC,available,PT2M47S,DEEP LEARNING STUDY GROUP | VLOG 069,167
20180312,UCFAOhU0g6xF7BkLsU6q8jfA,98OBeoeG52g,on_demand,not_subscribed,US,3,0,0,0,0,1.306716667,26.13433333,76.86568627,3,3,0,0,0,0,0,0,0,0,0,0,0,0,0,1,1,0,0,Alton Alexander's Daily Vlog from SLC,available,PT34S,SEASON 2 TRAILER,34
20180312,UCFAOhU0g6xF7BkLsU6q8jfA,98OBeoeG52g,on_demand,subscribed,US,4,0,0,0,0,1.47365,22.10475,65.01397059,1,1,0,0,0,0,0,0,0,0,0,0,0,0,0,0,0,0,0,Alton Alexander's Daily Vlog from SLC,available,PT34S,SEASON 2 TRAILER,34
20180312,UCFAOhU0g6xF7BkLsU6q8jfA,f-oKK7uk0R8,on_demand,not_subscribed,US,1,0,0,0,0,2.2345666669999997,134.07399999999998,75.32247191,1,1,0,0,0,0,0,0,0,0,0,0,0,0,0,0,0,0,0,Alton Alexander's Daily Vlog from SLC,available,PT2M58S,VALUE | SLC BUSINESS VLOG 067,178
20180313,UCFAOhU0g6xF7BkLsU6q8jfA,lI0ny6jydAk,on_demand,not_subscribed,IN,1,0,0,0,0,0.31666666670000004,19.0,14.07407407,0,0,0,0,0,0,0,0,0,0,0,0,0,0,0,0,0,0,0,Alton Alexander's Daily Vlog from SLC,available,PT2M15S,How to get started with deep learning and AI | VLOG 056,135
20180313,UCFAOhU0g6xF7BkLsU6q8jfA,2hglBepkNWg,on_demand,not_subscribed,US,3,0,0,0,0,0.7703833333,15.40766667,5.926025641,2,2,0,0,2,0,0,0,0,0,0,0,0,0,0,0,0,0,0,Alton Alexander's Daily Vlog from SLC,available,PT4M20S,How Front Analytics became the company it is today | SLC BUSINESS VLOG 043,260
20180313,UCFAOhU0g6xF7BkLsU6q8jfA,bgaodBZKIFY,on_demand,not_subscribed,RU,1,0,0,0,0,0.2666666667,16.0,5.992509363,0,0,0,0,0,0,0,0,0,0,0,0,0,0,0,0,0,0,0,Alton Alexander's Daily Vlog from SLC,available,PT4M27S,THE NVIDIA TITAN V | SLC BUSINESS VLOG 065,267
20180313,UCFAOhU0g6xF7BkLsU6q8jfA,bgaodBZKIFY,on_demand,not_subscribed,US,2,0,0,0,0,6.34055,190.2165,71.24213483,0,0,0,0,0,0,0,0,0,0,0,0,0,0,0,0,0,0,0,Alton Alexander's Daily Vlog from SLC,available,PT4M27S,THE NVIDIA TITAN V | SLC BUSINESS VLOG 065,267
20180313,UCFAOhU0g6xF7BkLsU6q8jfA,Q2XyUWyPS78,on_demand,not_subscribed,US,2,0,0,0,0,3.448433333,103.45299999999999,134.3545455,2,2,0,0,0,0,0,0,0,0,0,0,0,0,0,0,0,0,0,Alton Alexander's Daily Vlog from SLC,available,PT1M17S,OUR NEW OFFICE | SLC BUSINESS VLOG 060,77
20180313,UCFAOhU0g6xF7BkLsU6q8jfA,UXKmw9xRZKI,on_demand,not_subscribed,US,1,0,0,0,0,0.5280833333,31.685,34.06989247,0,0,0,0,0,0,0,0,0,0,0,0,0,0,0,0,0,0,0,Alton Alexander's Daily Vlog from SLC,available,PT1M33S,THIS WEEK WAS INSANE! | SLC BUSINESS VLOG 068,93
20180313,UCFAOhU0g6xF7BkLsU6q8jfA,kcGiHFso0b0,on_demand,subscribed,ZZ,0,0,1,0,0,0.0,0.0,0.0,0,0,0,0,0,0,0,0,0,0,0,0,0,0,0,0,0,0,0,Alton Alexander's Daily Vlog from SLC,available,PT4M17S,ANALYTICS IN MARKETING | SLC BUSINESS VLOG 070,257
20180313,UCFAOhU0g6xF7BkLsU6q8jfA,kcGiHFso0b0,on_demand,subscribed,US,3,0,0,0,0,12.7992,255.984,99.60466926,0,0,0,0,0,0,0,0,0,0,0,0,0,0,0,0,0,0,0,Alton Alexander's Daily Vlog from SLC,available,PT4M17S,ANALYTICS IN MARKETING | SLC BUSINESS VLOG 070,257
20180313,UCFAOhU0g6xF7BkLsU6q8jfA,5Kt05uMbuUA,on_demand,not_subscribed,US,4,0,0,0,0,8.24575,123.68625,55.21707589,1,1,0,0,0,0,0,0,0,0,0,0,0,0,0,0,0,0,0,Alton Alexander's Daily Vlog from SLC,available,PT3M44S,WILL A CONSULTANT HELP? | SLC BUSINESS VLOG 071,224
20180313,UCFAOhU0g6xF7BkLsU6q8jfA,5Kt05uMbuUA,on_demand,subscribed,US,3,0,0,0,0,11.30576667,226.1153333,100.9443452,0,0,0,0,0,0,0,0,0,0,0,0,0,0,0,0,0,0,0,Alton Alexander's Daily Vlog from SLC,available,PT3M44S,WILL A CONSULTANT HELP? | SLC BUSINESS VLOG 071,224
20180313,UCFAOhU0g6xF7BkLsU6q8jfA,5Kt05uMbuUA,on_demand,subscribed,ZZ,0,0,1,0,0,0.0,0.0,0.0,0,0,0,0,0,0,0,0,0,0,0,0,0,0,0,0,0,0,0,Alton Alexander's Daily Vlog from SLC,available,PT3M44S,WILL A CONSULTANT HELP? | SLC BUSINESS VLOG 071,224
20180313,UCFAOhU0g6xF7BkLsU6q8jfA,j9U50pDzopo,on_demand,not_subscribed,US,3,0,0,0,0,1.053033333,21.06066667,12.61117764,0,0,0,0,0,0,0,0,0,0,0,0,0,0,0,0,0,0,0,Alton Alexander's Daily Vlog from SLC,available,PT2M47S,DEEP LEARNING STUDY GROUP | VLOG 069,167
20180313,UCFAOhU0g6xF7BkLsU6q8jfA,98OBeoeG52g,on_demand,not_subscribed,US,1,0,0,0,0,0.8098,48.588,142.9058824,0,0,0,0,0,0,0,0,0,0,0,0,0,0,0,0,0,0,0,Alton Alexander's Daily Vlog from SLC,available,PT34S,SEASON 2 TRAILER,34
